ts,ch_tracked_mb,ch_cgroup_mb,load1
12:48:49,361,487,4.07
12:48:50,435,493,4.07
12:48:51,362,499,4.07
12:48:52,362,499,3.82
12:48:54,362,498,3.82
12:48:55,359,488,3.82
12:48:56,359,478,3.82
12:48:57,359,472,3.51
12:48:58,359,499,3.51
12:48:59,362,495,3.51
12:49:00,362,487,3.51
12:49:02,361,484,3.55
12:49:03,361,527,3.55
12:49:04,380,564,3.55
12:49:05,358,608,3.55
12:49:06,363,665,3.67
12:49:08,380,681,3.67
12:49:09,369,716,3.67
12:49:10,377,691,3.67
12:49:12,364,684,6.10
12:49:13,377,759,6.10
12:49:14,380,734,6.10
12:49:16,362,766,6.10
12:49:17,381,751,6.41
12:49:18,434,775,6.41
12:49:20,381,862,6.41
12:49:21,360,846,6.41
12:49:22,373,835,6.54
12:49:23,377,1005,6.54
12:49:24,361,922,6.54
12:49:26,449,908,6.54
12:49:28,690,1156,8.66
12:49:29,386,809,8.66
12:49:31,378,888,8.66
12:49:32,561,1103,9.49
12:49:34,368,1210,9.49
12:49:35,393,1116,9.49
12:49:37,608,1204,9.85
12:49:38,372,1171,9.85
12:49:39,403,1090,9.85
12:49:41,524,1162,9.85
12:49:42,382,1301,9.94
12:49:43,365,1228,9.94
12:49:45,404,1135,9.94
12:49:46,660,1426,9.94
12:49:47,364,1514,10.43
12:49:49,376,1322,10.43
12:49:50,437,1241,10.43
12:49:51,706,1593,11.27
12:49:53,399,1439,11.27
12:49:54,400,1337,11.27
12:49:56,584,1444,11.27
12:49:57,683,1631,11.81
12:49:59,364,1555,11.81
12:50:00,384,1401,11.81
12:50:02,686,1603,14.15
12:50:03,369,1747,14.15
12:50:04,369,1215,14.15
12:50:06,371,1217,14.15
12:50:07,373,1601,13.66
12:50:08,375,1532,13.66
12:50:09,375,1346,13.66
12:50:10,676,1628,13.66
12:50:11,373,1418,12.56
12:50:13,373,1308,12.56
